CLIENTES;FINALIDADE;VALOR CONTRATADO;CLASSIFICAÇÃO DE RISCO
JOAO ALBERTO;CUSTEIO;R$ 530.341,00;B
FERNANDO REIS;CUSTEIO;R$ 524.334,00;C
KAWASAKI KIDO;CUSTEIO;R$ 481.293,00;A
SHELDON COOPER;CUSTEIO;R$ 272.119,00;A
GABI GOL;CUSTEIO;R$ 353.392,00;B
TAFAREL ALMEIDA;INVESTIMENTO;R$ 598.218,00;C
MARIA JOAO;CUSTEIO;R$ 657.612,00;A
JOAO GULAR;CUSTEIO;R$ 210.154,00;B
BILL DO GOL;CUSTEIO;R$ 643.527,00;A
EDIR MEREILES;CUSTEIO;R$ 612.764,00;A
NEMO FIGUEIREDO;CUSTEIO;R$ 510.179,00;E
TAFAREL ALMEIDA;CUSTEIO;R$ 377.142,00;C
JULIUS CESARES;CUSTEIO;R$ 81.494,00;E
BILL DO GOL;CUSTEIO;R$ 315.303,00;A
MARIA JOAO;CUSTEIO;R$ 131.784,00;A
EDIR MEREILES;CUSTEIO;R$ 65.108,00;A
NEMO FIGUEIREDO;CUSTEIO;R$ 578.770,00;E
JOAO GULAR;CUSTEIO;R$ 142.449,00;B
JULIUS CESARES;INVESTIMENTO;R$ 533.255,00;E
JOAO ALBERTO;INVESTIMENTO;R$ 54.538,00;B
JULIUS CESARES;CUSTEIO;R$ 306.819,00;E
JOAO GULAR;CUSTEIO;R$ 110.769,00;B
FERNANDO REIS;CUSTEIO;R$ 236.038,00;C
GABI GOL;CUSTEIO;R$ 491.994,00;B
TAFAREL ALMEIDA;CUSTEIO;R$ 466.230,00;C
BILL DO GOL;CUSTEIO;R$ 350.287,00;A
BILL DO GOL;CUSTEIO;R$ 252.499,00;A
JULIUS CESARES;CUSTEIO;R$ 432.382,00;E
MARIA JOAO;CUSTEIO;R$ 365.733,00;A
JOAO ALBERTO;INVESTIMENTO;R$ 260.281,00;B
JOAO ALBERTO;INVESTIMENTO;R$ 362.053,00;B
EDIR MEREILES;CUSTEIO;R$ 588.663,00;A
GABI GOL;CUSTEIO;R$ 159.035,00;B
TAFAREL ALMEIDA;CUSTEIO;R$ 448.641,00;C
KAWASAKI KIDO;CUSTEIO;R$ 686.364,00;A
EDIR MEREILES;CUSTEIO;R$ 689.519,00;A
NEMO FIGUEIREDO;CUSTEIO;R$ 176.945,00;E
ZE DO ARROCHA;INVESTIMENTO;R$ 322.555,00;D
EDIR MEREILES;CUSTEIO;R$ 652.606,00;A
MARIA JOAO;CUSTEIO;R$ 164.445,00;A
MARIA JOAO;CUSTEIO;R$ 55.780,00;A
KAWASAKI KIDO;INVESTIMENTO;R$ 145.129,00;A
TAFAREL ALMEIDA;CUSTEIO;R$ 148.273,00;C
FERNANDO REIS;INVESTIMENTO;R$ 663.248,00;C
JOAO ALBERTO;CUSTEIO;R$ 485.986,00;B
SHELDON COOPER;CUSTEIO;R$ 100.703,00;A
TAFAREL ALMEIDA;INVESTIMENTO;R$ 644.127,00;C
JOAO GULAR;INVESTIMENTO;R$ 216.626,00;B
BILL DO GOL;INVESTIMENTO;R$ 497.273,00;A
ZE DO ARROCHA;INVESTIMENTO;R$ 651.231,00;D
NEMO FIGUEIREDO;CUSTEIO;R$ 601.746,00;E
JOAO GULAR;CUSTEIO;R$ 578.470,00;B
JOAO ALBERTO;CUSTEIO;R$ 297.627,00;B
TAFAREL ALMEIDA;CUSTEIO;R$ 640.900,00;C
MARIA JOAO;CUSTEIO;R$ 528.452,00;A
ZE DO ARROCHA;CUSTEIO;R$ 291.650,00;D
BILL DO GOL;INVESTIMENTO;R$ 695.134,00;A
EDIR MEREILES;CUSTEIO;R$ 382.291,00;A
ZE DO ARROCHA;CUSTEIO;R$ 138.561,00;D
JOAO ALBERTO;CUSTEIO;R$ 293.192,00;B
EDIR MEREILES;CUSTEIO;R$ 151.813,00;A
NEMO FIGUEIREDO;CUSTEIO;R$ 502.321,00;E
JOAO GULAR;CUSTEIO;R$ 226.778,00;B
EDIR MEREILES;CUSTEIO;R$ 364.734,00;A
KAWASAKI KIDO;INVESTIMENTO;R$ 249.110,00;A
EDIR MEREILES;CUSTEIO;R$ 263.014,00;A
MARIA DO BAIRRO;CUSTEIO;R$ 630.950,00;D
JOAO ALBERTO;CUSTEIO;R$ 645.638,00;B
JOAO ALBERTO;INVESTIMENTO;R$ 211.433,00;B
TAFAREL ALMEIDA;CUSTEIO;R$ 587.394,00;C
FERNANDO REIS;CUSTEIO;R$ 93.909,00;C
ZE DO ARROCHA;CUSTEIO;R$ 78.355,00;D
EDIR MEREILES;INVESTIMENTO;R$ 187.696,00;A
GABI GOL;INVESTIMENTO;R$ 466.119,00;B
KAWASAKI KIDO;CUSTEIO;R$ 354.030,00;A
JOAO ALBERTO;CUSTEIO;R$ 566.862,00;B
MARIA JOAO;CUSTEIO;R$ 113.603,00;A
FERNANDO REIS;CUSTEIO;R$ 569.942,00;C
GABI GOL;INVESTIMENTO;R$ 391.134,00;B
EDIR MEREILES;INVESTIMENTO;R$ 689.180,00;A
ZE DO ARROCHA;CUSTEIO;R$ 142.664,00;D
FERNANDO REIS;CUSTEIO;R$ 603.055,00;C
BILL DO GOL;CUSTEIO;R$ 163.024,00;A
JULIUS CESARES;CUSTEIO;R$ 683.285,00;E
GABI GOL;INVESTIMENTO;R$ 64.898,00;B
MARIA JOAO;CUSTEIO;R$ 138.625,00;A
ZE DO ARROCHA;INVESTIMENTO;R$ 176.906,00;D
TAFAREL ALMEIDA;CUSTEIO;R$ 324.308,00;C
GABI GOL;CUSTEIO;R$ 309.586,00;B
JULIUS CESARES;CUSTEIO;R$ 42.985,00;E
MARIA JOAO;CUSTEIO;R$ 134.014,00;A
TAFAREL ALMEIDA;CUSTEIO;R$ 55.291,00;C
JOAO GULAR;CUSTEIO;R$ 686.972,00;B
JOAO GULAR;CUSTEIO;R$ 177.984,00;B
FERNANDO REIS;CUSTEIO;R$ 218.913,00;C
GABI GOL;INVESTIMENTO;R$ 546.853,00;B
GABI GOL;CUSTEIO;R$ 177.431,00;B
EDIR MEREILES;CUSTEIO;R$ 88.897,00;A
EDIR MEREILES;INVESTIMENTO;R$ 191.963,00;A
FERNANDO REIS;CUSTEIO;R$ 477.649,00;C
JULIUS CESARES;CUSTEIO;R$ 397.078,00;E
FERNANDO REIS;CUSTEIO;R$ 557.658,00;C
JOAO ALBERTO;CUSTEIO;R$ 430.568,00;B
ZE DO ARROCHA;CUSTEIO;R$ 521.057,00;D
KAWASAKI KIDO;CUSTEIO;R$ 564.528,00;A
JOAO ALBERTO;CUSTEIO;R$ 143.475,00;B
GABI GOL;INVESTIMENTO;R$ 472.372,00;B
EDIR MEREILES;INVESTIMENTO;R$ 455.662,00;A
MARIA DO BAIRRO;CUSTEIO;R$ 266.098,00;D
KAWASAKI KIDO;CUSTEIO;R$ 415.371,00;A
JULIUS CESARES;CUSTEIO;R$ 464.433,00;E
TAFAREL ALMEIDA;CUSTEIO;R$ 560.650,00;C
SHELDON COOPER;CUSTEIO;R$ 315.982,00;A
JOAO GULAR;CUSTEIO;R$ 125.378,00;B
MARIA JOAO;CUSTEIO;R$ 166.158,00;A
ZE DO ARROCHA;CUSTEIO;R$ 243.237,00;D
JULIUS CESARES;CUSTEIO;R$ 333.789,00;E
MARIA JOAO;CUSTEIO;R$ 270.968,00;A
GABI GOL;INVESTIMENTO;R$ 300.763,00;B
LUQUE SCAIWALQUER;CUSTEIO;R$ 157.813,00;B
KAWASAKI KIDO;CUSTEIO;R$ 95.036,00;A
NEMO FIGUEIREDO;CUSTEIO;R$ 483.335,00;E
MARIA JOAO;CUSTEIO;R$ 300.976,00;A
GABI GOL;CUSTEIO;R$ 666.669,00;B
NEMO FIGUEIREDO;INVESTIMENTO;R$ 234.225,00;E
JOAO GULAR;CUSTEIO;R$ 183.562,00;B
FERNANDO REIS;CUSTEIO;R$ 53.688,00;C
KAWASAKI KIDO;CUSTEIO;R$ 199.198,00;A
GABI GOL;CUSTEIO;R$ 24.606,00;B
ZE DO ARROCHA;CUSTEIO;R$ 439.304,00;D
KAWASAKI KIDO;INVESTIMENTO;R$ 50.798,00;A
FERNANDO REIS;CUSTEIO;R$ 110.675,00;C
JULIUS CESARES;CUSTEIO;R$ 184.452,00;E
ZE DO ARROCHA;INVESTIMENTO;R$ 243.836,00;D
FERNANDO REIS;CUSTEIO;R$ 381.365,00;C
JOAO GULAR;CUSTEIO;R$ 154.049,00;B
NEMO FIGUEIREDO;CUSTEIO;R$ 447.427,00;E
JULIUS CESARES;CUSTEIO;R$ 651.421,00;E
NEMO FIGUEIREDO;CUSTEIO;R$ 207.209,00;E
JULIUS CESARES;CUSTEIO;R$ 625.611,00;E
MARIA JOAO;CUSTEIO;R$ 499.088,00;A
NEMO FIGUEIREDO;INVESTIMENTO;R$ 342.106,00;E
MARIA JOAO;CUSTEIO;R$ 196.163,00;A
EDIR MEREILES;CUSTEIO;R$ 617.876,00;A
NEMO FIGUEIREDO;CUSTEIO;R$ 669.144,00;E
MARIA DO BAIRRO;INVESTIMENTO;R$ 150.007,00;D
BILL DO GOL;CUSTEIO;R$ 377.133,00;A
NEMO FIGUEIREDO;CUSTEIO;R$ 689.587,00;E
JULIUS CESARES;CUSTEIO;R$ 571.129,00;E
JOAO GULAR;CUSTEIO;R$ 507.963,00;B
NEMO FIGUEIREDO;INVESTIMENTO;R$ 583.128,00;E
TAFAREL ALMEIDA;CUSTEIO;R$ 539.591,00;C
TAFAREL ALMEIDA;CUSTEIO;R$ 496.930,00;C
ZE DO ARROCHA;CUSTEIO;R$ 64.869,00;D
JULIUS CESARES;INVESTIMENTO;R$ 135.271,00;E
NEMO FIGUEIREDO;INVESTIMENTO;R$ 456.669,00;E
JOAO ALBERTO;CUSTEIO;R$ 697.084,00;B
EDIR MEREILES;CUSTEIO;R$ 184.005,00;A
KAWASAKI KIDO;CUSTEIO;R$ 269.422,00;A
GABI GOL;INVESTIMENTO;R$ 119.945,00;B
JOAO ALBERTO;CUSTEIO;R$ 427.224,00;B
ZE DO ARROCHA;CUSTEIO;R$ 513.186,00;D
KAWASAKI KIDO;CUSTEIO;R$ 315.416,00;A
FERNANDO REIS;CUSTEIO;R$ 183.174,00;C
GABI GOL;CUSTEIO;R$ 356.548,00;B
BILL DO GOL;CUSTEIO;R$ 228.651,00;A
KAWASAKI KIDO;CUSTEIO;R$ 538.700,00;A
JULIUS CESARES;INVESTIMENTO;R$ 417.024,00;E
ZE DO ARROCHA;CUSTEIO;R$ 475.262,00;D
BILL DO GOL;CUSTEIO;R$ 175.439,00;A
JOAO ALBERTO;CUSTEIO;R$ 642.910,00;B
JOAO ALBERTO;INVESTIMENTO;R$ 320.804,00;B
GABI GOL;CUSTEIO;R$ 315.029,00;B
FERNANDO REIS;CUSTEIO;R$ 434.856,00;C
BILL DO GOL;CUSTEIO;R$ 586.104,00;A
BILL DO GOL;CUSTEIO;R$ 622.497,00;A
JULIUS CESARES;CUSTEIO;R$ 196.401,00;E
GABI GOL;CUSTEIO;R$ 198.348,00;B
JOAO ALBERTO;CUSTEIO;R$ 250.377,00;B
JULIUS CESARES;CUSTEIO;R$ 190.886,00;E
FERNANDO REIS;CUSTEIO;R$ 412.529,00;C
TAFAREL ALMEIDA;CUSTEIO;R$ 284.954,00;C
JOAO GULAR;CUSTEIO;R$ 242.683,00;B
FERNANDO REIS;CUSTEIO;R$ 57.457,00;C
EDIR MEREILES;CUSTEIO;R$ 262.688,00;A
JOAO ALBERTO;CUSTEIO;R$ 394.942,00;B
MARIA JOAO;CUSTEIO;R$ 656.709,00;A
JOAO GULAR;CUSTEIO;R$ 486.157,00;B
BILL DO GOL;CUSTEIO;R$ 318.955,00;A
KAWASAKI KIDO;CUSTEIO;R$ 328.386,00;A
JULIUS CESARES;CUSTEIO;R$ 80.592,00;E
JOAO ALBERTO;INVESTIMENTO;R$ 667.140,00;B
MARIA JOAO;CUSTEIO;R$ 340.257,00;A
KAWASAKI KIDO;INVESTIMENTO;R$ 405.987,00;A
ZE DO ARROCHA;INVESTIMENTO;R$ 599.356,00;D
ZE DO ARROCHA;CUSTEIO;R$ 690.729,00;D
ZE DO ARROCHA;CUSTEIO;R$ 397.893,00;D
FERNANDO REIS;INVESTIMENTO;R$ 531.658,00;C
EDIR MEREILES;INVESTIMENTO;R$ 239.513,00;A
GABI GOL;CUSTEIO;R$ 372.813,00;B
GABI GOL;CUSTEIO;R$ 365.871,00;B
NEMO FIGUEIREDO;CUSTEIO;R$ 473.672,00;E
TAFAREL ALMEIDA;CUSTEIO;R$ 475.636,00;C
BILL DO GOL;CUSTEIO;R$ 177.712,00;A
JULIUS CESARES;CUSTEIO;R$ 133.801,00;E
BILL DO GOL;CUSTEIO;R$ 124.897,00;A
BILL DO GOL;CUSTEIO;R$ 541.419,00;A
JULIUS CESARES;CUSTEIO;R$ 289.640,00;E
ZE DO ARROCHA;CUSTEIO;R$ 496.848,00;D
TAFAREL ALMEIDA;INVESTIMENTO;R$ 150.658,00;C
BILL DO GOL;CUSTEIO;R$ 252.783,00;A
MARIA JOAO;CUSTEIO;R$ 637.915,00;A
JOAO GULAR;CUSTEIO;R$ 171.372,00;B
FERNANDO REIS;CUSTEIO;R$ 449.835,00;C
GABI GOL;INVESTIMENTO;R$ 280.402,00;B
ZE DO ARROCHA;CUSTEIO;R$ 572.214,00;D
EDIR MEREILES;CUSTEIO;R$ 165.263,00;A
SHELDON COOPER;CUSTEIO;R$ 501.109,00;A
EDIR MEREILES;CUSTEIO;R$ 234.420,00;A
JULIUS CESARES;CUSTEIO;R$ 587.623,00;E
JULIUS CESARES;CUSTEIO;R$ 504.412,00;E
BILL DO GOL;CUSTEIO;R$ 591.507,00;A
FERNANDO REIS;CUSTEIO;R$ 415.574,00;C
ZE DO ARROCHA;CUSTEIO;R$ 439.463,00;D
JOAO ALBERTO;CUSTEIO;R$ 193.321,00;B
MARIA JOAO;INVESTIMENTO;R$ 406.305,00;A
GABI GOL;CUSTEIO;R$ 204.304,00;B
JULIUS CESARES;CUSTEIO;R$ 511.412,00;E
JOAO ALBERTO;CUSTEIO;R$ 170.600,00;B
JOAO ALBERTO;INVESTIMENTO;R$ 120.433,00;B
JOAO GULAR;CUSTEIO;R$ 627.597,00;B
JOAO GULAR;CUSTEIO;R$ 467.164,00;B
ZE DO ARROCHA;INVESTIMENTO;R$ 585.408,00;D
KAWASAKI KIDO;CUSTEIO;R$ 347.942,00;A
GABI GOL;CUSTEIO;R$ 332.708,00;B
JOAO GULAR;CUSTEIO;R$ 181.358,00;B
ZE DO ARROCHA;CUSTEIO;R$ 403.538,00;D
BILL DO GOL;CUSTEIO;R$ 294.977,00;A
BILL DO GOL;CUSTEIO;R$ 649.681,00;A
JULIUS CESARES;CUSTEIO;R$ 669.507,00;E
TAFAREL ALMEIDA;CUSTEIO;R$ 352.053,00;C
KAWASAKI KIDO;CUSTEIO;R$ 183.297,00;A
JOAO GULAR;CUSTEIO;R$ 694.520,00;B
BILL DO GOL;INVESTIMENTO;R$ 329.664,00;A
NEMO FIGUEIREDO;CUSTEIO;R$ 374.897,00;E
JOAO ALBERTO;INVESTIMENTO;R$ 677.909,00;B
EDIR MEREILES;CUSTEIO;R$ 638.220,00;A
JOAO GULAR;CUSTEIO;R$ 384.887,00;B
GABI GOL;INVESTIMENTO;R$ 40.467,00;B
JOAO GULAR;CUSTEIO;R$ 52.108,00;B
EDIR MEREILES;CUSTEIO;R$ 459.444,00;A
EDIR MEREILES;CUSTEIO;R$ 533.181,00;A
JOAO ALBERTO;CUSTEIO;R$ 115.934,00;B
BILL DO GOL;INVESTIMENTO;R$ 504.766,00;A
ZE DO ARROCHA;CUSTEIO;R$ 571.689,00;D
ZE DO ARROCHA;INVESTIMENTO;R$ 431.013,00;D
EDIR MEREILES;CUSTEIO;R$ 141.557,00;A
NEMO FIGUEIREDO;CUSTEIO;R$ 343.388,00;E
NEMO FIGUEIREDO;INVESTIMENTO;R$ 230.127,00;E
MARIA JOAO;CUSTEIO;R$ 333.428,00;A
JOAO GULAR;CUSTEIO;R$ 334.775,00;B
GABI GOL;CUSTEIO;R$ 414.207,00;B
ZE DO ARROCHA;CUSTEIO;R$ 79.264,00;D
JULIUS CESARES;CUSTEIO;R$ 442.383,00;E
TAFAREL ALMEIDA;CUSTEIO;R$ 526.276,00;C
BILL DO GOL;CUSTEIO;R$ 312.154,00;A
KAWASAKI KIDO;CUSTEIO;R$ 621.421,00;A
NEMO FIGUEIREDO;CUSTEIO;R$ 540.297,00;E
JOAO GULAR;CUSTEIO;R$ 434.735,00;B
JOAO GULAR;CUSTEIO;R$ 195.554,00;B
EDIR MEREILES;INVESTIMENTO;R$ 81.391,00;A
EDIR MEREILES;INVESTIMENTO;R$ 329.744,00;A
JOAO ALBERTO;CUSTEIO;R$ 683.583,00;B
GABI GOL;CUSTEIO;R$ 381.880,00;B
JOAO GULAR;INVESTIMENTO;R$ 407.283,00;B
JOAO ALBERTO;CUSTEIO;R$ 569.338,00;B
KAWASAKI KIDO;CUSTEIO;R$ 101.293,00;A
JOAO ALBERTO;CUSTEIO;R$ 530.751,00;B
MARIA JOAO;CUSTEIO;R$ 62.549,00;A
MARIA JOAO;CUSTEIO;R$ 485.734,00;A
FERNANDO REIS;CUSTEIO;R$ 500.435,00;C
TAFAREL ALMEIDA;CUSTEIO;R$ 496.001,00;C
MARIA JOAO;CUSTEIO;R$ 127.595,00;A
JOAO GULAR;CUSTEIO;R$ 645.692,00;B
BILL DO GOL;CUSTEIO;R$ 64.773,00;A
EDIR MEREILES;CUSTEIO;R$ 142.109,00;A
TAFAREL ALMEIDA;CUSTEIO;R$ 25.552,00;C
JULIUS CESARES;CUSTEIO;R$ 246.568,00;E
NEMO FIGUEIREDO;CUSTEIO;R$ 639.960,00;E
JULIUS CESARES;CUSTEIO;R$ 522.683,00;E
JULIUS CESARES;CUSTEIO;R$ 361.188,00;E
GABI GOL;CUSTEIO;R$ 438.450,00;B
TAFAREL ALMEIDA;CUSTEIO;R$ 145.841,00;C
KAWASAKI KIDO;CUSTEIO;R$ 577.792,00;A
BILL DO GOL;CUSTEIO;R$ 583.188,00;A
ZE DO ARROCHA;CUSTEIO;R$ 333.804,00;D
MARIA JOAO;INVESTIMENTO;R$ 389.466,00;A
EDIR MEREILES;CUSTEIO;R$ 648.770,00;A
ZE DO ARROCHA;CUSTEIO;R$ 422.920,00;D
GABI GOL;INVESTIMENTO;R$ 560.544,00;B
JULIUS CESARES;CUSTEIO;R$ 168.326,00;E
JULIUS CESARES;CUSTEIO;R$ 444.635,00;E
NEMO FIGUEIREDO;INVESTIMENTO;R$ 685.522,00;E
JOAO ALBERTO;CUSTEIO;R$ 66.622,00;B
NEMO FIGUEIREDO;CUSTEIO;R$ 247.482,00;E
ZE DO ARROCHA;CUSTEIO;R$ 641.576,00;D
BILL DO GOL;CUSTEIO;R$ 487.086,00;A
MARIA JOAO;CUSTEIO;R$ 93.487,00;A
JOAO ALBERTO;CUSTEIO;R$ 231.230,00;B
JOAO ALBERTO;CUSTEIO;R$ 403.907,00;B
BILL DO GOL;CUSTEIO;R$ 439.846,00;A
JOAO GULAR;CUSTEIO;R$ 67.590,00;B
FERNANDO REIS;CUSTEIO;R$ 582.832,00;C
FERNANDO REIS;CUSTEIO;R$ 236.312,00;C
FERNANDO REIS;CUSTEIO;R$ 289.389,00;C
BILL DO GOL;INVESTIMENTO;R$ 612.660,00;A
JOAO GULAR;CUSTEIO;R$ 161.704,00;B
FERNANDO REIS;CUSTEIO;R$ 417.263,00;C
JOAO ALBERTO;CUSTEIO;R$ 591.803,00;B
EDIR MEREILES;CUSTEIO;R$ 112.593,00;A
ZE DO ARROCHA;CUSTEIO;R$ 200.014,00;D
TAFAREL ALMEIDA;INVESTIMENTO;R$ 498.472,00;C
JOAO ALBERTO;CUSTEIO;R$ 442.846,00;B
FERNANDO REIS;CUSTEIO;R$ 326.203,00;C
NEMO FIGUEIREDO;CUSTEIO;R$ 243.484,00;E
GABI GOL;CUSTEIO;R$ 593.196,00;B
ZE DO ARROCHA;CUSTEIO;R$ 137.811,00;D
KAWASAKI KIDO;CUSTEIO;R$ 223.113,00;A
JOAO GULAR;INVESTIMENTO;R$ 189.326,00;B
JOAO GULAR;CUSTEIO;R$ 344.329,00;B
KAWASAKI KIDO;CUSTEIO;R$ 159.125,00;A
EDIR MEREILES;CUSTEIO;R$ 45.871,00;A
TAFAREL ALMEIDA;INVESTIMENTO;R$ 271.979,00;C
JULIUS CESARES;INVESTIMENTO;R$ 392.253,00;E
JOAO GULAR;INVESTIMENTO;R$ 127.146,00;B
GABI GOL;CUSTEIO;R$ 675.049,00;B
EDIR MEREILES;CUSTEIO;R$ 614.478,00;A
JOAO ALBERTO;CUSTEIO;R$ 633.593,00;B
JULIUS CESARES;CUSTEIO;R$ 608.800,00;E
TAFAREL ALMEIDA;INVESTIMENTO;R$ 655.559,00;C
MARIA JOAO;INVESTIMENTO;R$ 41.388,00;A
TAFAREL ALMEIDA;CUSTEIO;R$ 430.086,00;C
TAFAREL ALMEIDA;CUSTEIO;R$ 279.248,00;C
JULIUS CESARES;CUSTEIO;R$ 538.683,00;E
TAFAREL ALMEIDA;CUSTEIO;R$ 460.413,00;C
BILL DO GOL;CUSTEIO;R$ 111.300,00;A
GABI GOL;CUSTEIO;R$ 53.443,00;B
MARIA JOAO;CUSTEIO;R$ 320.177,00;A
EDIR MEREILES;INVESTIMENTO;R$ 298.724,00;A
ZE DO ARROCHA;CUSTEIO;R$ 677.261,00;D
JOAO GULAR;CUSTEIO;R$ 63.235,00;B
JOAO ALBERTO;CUSTEIO;R$ 630.922,00;B
NEMO FIGUEIREDO;CUSTEIO;R$ 558.486,00;E
KAWASAKI KIDO;CUSTEIO;R$ 490.445,00;A
TAFAREL ALMEIDA;CUSTEIO;R$ 566.543,00;C
GABI GOL;CUSTEIO;R$ 274.014,00;B
TAFAREL ALMEIDA;CUSTEIO;R$ 681.822,00;C
ZE DO ARROCHA;INVESTIMENTO;R$ 216.218,00;D
JOAO GULAR;INVESTIMENTO;R$ 565.784,00;B
EDIR MEREILES;CUSTEIO;R$ 436.548,00;A
JOAO GULAR;CUSTEIO;R$ 419.517,00;B
JULIUS CESARES;CUSTEIO;R$ 171.304,00;E
NEMO FIGUEIREDO;CUSTEIO;R$ 151.236,00;E
JOAO GULAR;CUSTEIO;R$ 239.658,00;B
BILL DO GOL;CUSTEIO;R$ 234.260,00;A
FERNANDO REIS;CUSTEIO;R$ 574.390,00;C
ZE DO ARROCHA;CUSTEIO;R$ 668.495,00;D
NEMO FIGUEIREDO;CUSTEIO;R$ 427.768,00;E
EDIR MEREILES;CUSTEIO;R$ 239.033,00;A
FERNANDO REIS;CUSTEIO;R$ 536.414,00;C
EDIR MEREILES;CUSTEIO;R$ 267.360,00;A
BILL DO GOL;CUSTEIO;R$ 405.682,00;A
BILL DO GOL;CUSTEIO;R$ 654.183,00;A
JULIUS CESARES;CUSTEIO;R$ 531.772,00;E
MARIA JOAO;INVESTIMENTO;R$ 657.447,00;A
NEMO FIGUEIREDO;CUSTEIO;R$ 482.767,00;E
TAFAREL ALMEIDA;CUSTEIO;R$ 598.131,00;C
ZE DO ARROCHA;INVESTIMENTO;R$ 417.285,00;D
MARIA JOAO;CUSTEIO;R$ 403.452,00;A
KAWASAKI KIDO;INVESTIMENTO;R$ 108.606,00;A
TAFAREL ALMEIDA;CUSTEIO;R$ 439.441,00;C
FERNANDO REIS;CUSTEIO;R$ 420.020,00;C
JULIUS CESARES;CUSTEIO;R$ 185.484,00;E
MARIA JOAO;CUSTEIO;R$ 107.485,00;A
BILL DO GOL;CUSTEIO;R$ 488.602,00;A
TAFAREL ALMEIDA;CUSTEIO;R$ 291.802,00;C
BILL DO GOL;CUSTEIO;R$ 200.892,00;A
FERNANDO REIS;CUSTEIO;R$ 24.856,00;C
ZE DO ARROCHA;CUSTEIO;R$ 47.642,00;D
BILL DO GOL;CUSTEIO;R$ 606.072,00;A
KAWASAKI KIDO;CUSTEIO;R$ 126.868,00;A
NEMO FIGUEIREDO;CUSTEIO;R$ 106.103,00;E
KAWASAKI KIDO;CUSTEIO;R$ 180.825,00;A
BILL DO GOL;CUSTEIO;R$ 304.667,00;A
JULIUS CESARES;CUSTEIO;R$ 325.064,00;E
FERNANDO REIS;CUSTEIO;R$ 233.400,00;C
MARIA JOAO;CUSTEIO;R$ 329.724,00;A
EDIR MEREILES;CUSTEIO;R$ 261.989,00;A
GABI GOL;CUSTEIO;R$ 406.946,00;B
TAFAREL ALMEIDA;CUSTEIO;R$ 372.169,00;C
GABI GOL;CUSTEIO;R$ 103.235,00;B
JOAO GULAR;CUSTEIO;R$ 607.085,00;B
EDIR MEREILES;CUSTEIO;R$ 85.244,00;A
FERNANDO REIS;CUSTEIO;R$ 620.109,00;C
JOAO ALBERTO;INVESTIMENTO;R$ 345.298,00;B
TAFAREL ALMEIDA;CUSTEIO;R$ 253.537,00;C
NEMO FIGUEIREDO;CUSTEIO;R$ 164.332,00;E
GABI GOL;CUSTEIO;R$ 258.750,00;B
EDIR MEREILES;CUSTEIO;R$ 216.322,00;A
JOAO GULAR;CUSTEIO;R$ 147.856,00;B
GABI GOL;CUSTEIO;R$ 27.324,00;B
JOAO GULAR;CUSTEIO;R$ 168.732,00;B
JULIUS CESARES;CUSTEIO;R$ 520.285,00;E
JOAO ALBERTO;INVESTIMENTO;R$ 410.289,00;B
FERNANDO REIS;CUSTEIO;R$ 457.598,00;C
EDIR MEREILES;CUSTEIO;R$ 654.118,00;A
JOAO GULAR;CUSTEIO;R$ 144.644,00;B
NEMO FIGUEIREDO;CUSTEIO;R$ 275.195,00;E
EDIR MEREILES;CUSTEIO;R$ 94.694,00;A
EDIR MEREILES;CUSTEIO;R$ 293.242,00;A
GABI GOL;CUSTEIO;R$ 232.724,00;B
KAWASAKI KIDO;CUSTEIO;R$ 257.776,00;A
GABI GOL;CUSTEIO;R$ 131.961,00;B
KAWASAKI KIDO;INVESTIMENTO;R$ 427.782,00;A
JOAO ALBERTO;CUSTEIO;R$ 658.808,00;B
KAWASAKI KIDO;INVESTIMENTO;R$ 693.840,00;A
EDIR MEREILES;CUSTEIO;R$ 605.770,00;A
JOAO ALBERTO;CUSTEIO;R$ 460.220,00;B
JOAO ALBERTO;CUSTEIO;R$ 226.282,00;B
TAFAREL ALMEIDA;CUSTEIO;R$ 179.324,00;C
MARIA JOAO;CUSTEIO;R$ 95.231,00;A
NEMO FIGUEIREDO;CUSTEIO;R$ 454.080,00;E
FERNANDO REIS;CUSTEIO;R$ 127.766,00;C
ZE DO ARROCHA;CUSTEIO;R$ 227.418,00;D
JOAO GULAR;INVESTIMENTO;R$ 313.876,00;B
MARIA JOAO;CUSTEIO;R$ 463.488,00;A
KAWASAKI KIDO;INVESTIMENTO;R$ 403.721,00;A
ZE DO ARROCHA;CUSTEIO;R$ 611.919,00;D
BILL DO GOL;INVESTIMENTO;R$ 671.655,00;A
TAFAREL ALMEIDA;CUSTEIO;R$ 494.176,00;C
NEMO FIGUEIREDO;CUSTEIO;R$ 117.065,00;E
BILL DO GOL;INVESTIMENTO;R$ 348.728,00;A
EDIR MEREILES;CUSTEIO;R$ 661.359,00;A
BILL DO GOL;INVESTIMENTO;R$ 599.236,00;A
TAFAREL ALMEIDA;CUSTEIO;R$ 363.145,00;C
TAFAREL ALMEIDA;CUSTEIO;R$ 422.371,00;C
EDIR MEREILES;CUSTEIO;R$ 89.955,00;A
NEMO FIGUEIREDO;CUSTEIO;R$ 477.408,00;E
LUQUE SCAIWALQUER;CUSTEIO;R$ 225.747,00;B
NEMO FIGUEIREDO;CUSTEIO;R$ 281.513,00;E
NEMO FIGUEIREDO;CUSTEIO;R$ 172.299,00;E
GABI GOL;CUSTEIO;R$ 33.491,00;B
KAWASAKI KIDO;CUSTEIO;R$ 87.509,00;A
GABI GOL;CUSTEIO;R$ 66.186,00;B
JOAO GULAR;CUSTEIO;R$ 496.602,00;B
KAWASAKI KIDO;CUSTEIO;R$ 348.973,00;A
ZE DO ARROCHA;CUSTEIO;R$ 245.248,00;D
JOAO GULAR;CUSTEIO;R$ 244.881,00;B
BILL DO GOL;CUSTEIO;R$ 277.869,00;A
TAFAREL ALMEIDA;CUSTEIO;R$ 380.521,00;C
FERNANDO REIS;CUSTEIO;R$ 328.041,00;C
GABI GOL;CUSTEIO;R$ 417.657,00;B
TAFAREL ALMEIDA;INVESTIMENTO;R$ 416.346,00;C
EDIR MEREILES;CUSTEIO;R$ 307.801,00;A
BILL DO GOL;CUSTEIO;R$ 99.644,00;A
GABI GOL;CUSTEIO;R$ 102.953,00;B
NEMO FIGUEIREDO;CUSTEIO;R$ 204.494,00;E
GABI GOL;CUSTEIO;R$ 624.875,00;B
EDIR MEREILES;CUSTEIO;R$ 611.858,00;A
BILL DO GOL;CUSTEIO;R$ 140.490,00;A
EDIR MEREILES;CUSTEIO;R$ 53.966,00;A
ZE DO ARROCHA;CUSTEIO;R$ 63.043,00;D
MARIA JOAO;INVESTIMENTO;R$ 398.578,00;A
EDIR MEREILES;CUSTEIO;R$ 425.227,00;A
TAFAREL ALMEIDA;CUSTEIO;R$ 300.735,00;C
FERNANDO REIS;CUSTEIO;R$ 602.888,00;C
GABI GOL;CUSTEIO;R$ 244.667,00;B
KAWASAKI KIDO;CUSTEIO;R$ 634.716,00;A
LUQUE SCAIWALQUER;CUSTEIO;R$ 511.490,00;B
TAFAREL ALMEIDA;INVESTIMENTO;R$ 33.761,00;C
FERNANDO REIS;CUSTEIO;R$ 253.344,00;C
ZE DO ARROCHA;CUSTEIO;R$ 196.094,00;D
JOAO ALBERTO;CUSTEIO;R$ 325.802,00;B
JULIUS CESARES;CUSTEIO;R$ 142.978,00;E
JULIUS CESARES;CUSTEIO;R$ 82.388,00;E
NEMO FIGUEIREDO;INVESTIMENTO;R$ 382.270,00;E
JOAO GULAR;CUSTEIO;R$ 510.101,00;B
KAWASAKI KIDO;CUSTEIO;R$ 189.508,00;A
MARIA JOAO;CUSTEIO;R$ 238.866,00;A
FERNANDO REIS;CUSTEIO;R$ 688.743,00;C
JOAO ALBERTO;CUSTEIO;R$ 211.180,00;B
EDIR MEREILES;CUSTEIO;R$ 587.609,00;A
MARIA JOAO;CUSTEIO;R$ 57.539,00;A
MARIA JOAO;INVESTIMENTO;R$ 504.985,00;A
GABI GOL;CUSTEIO;R$ 178.602,00;B
JOAO ALBERTO;INVESTIMENTO;R$ 664.513,00;B
BILL DO GOL;CUSTEIO;R$ 251.241,00;A
FERNANDO REIS;CUSTEIO;R$ 291.223,00;C
JOAO GULAR;CUSTEIO;R$ 33.210,00;B
MARIA JOAO;CUSTEIO;R$ 259.293,00;A
ZE DO ARROCHA;CUSTEIO;R$ 221.102,00;D
BILL DO GOL;CUSTEIO;R$ 679.529,00;A
JOAO ALBERTO;CUSTEIO;R$ 291.423,00;B
JOAO ALBERTO;CUSTEIO;R$ 591.245,00;B
JOAO ALBERTO;CUSTEIO;R$ 633.396,00;B
NEMO FIGUEIREDO;INVESTIMENTO;R$ 554.678,00;E
FERNANDO REIS;CUSTEIO;R$ 686.158,00;C
KAWASAKI KIDO;INVESTIMENTO;R$ 107.685,00;A
JULIUS CESARES;CUSTEIO;R$ 339.091,00;E
GABI GOL;CUSTEIO;R$ 577.763,00;B
EDIR MEREILES;INVESTIMENTO;R$ 427.274,00;A
GABI GOL;CUSTEIO;R$ 622.146,00;B
JOAO ALBERTO;CUSTEIO;R$ 103.800,00;B
LUQUE SCAIWALQUER;CUSTEIO;R$ 650.258,00;B
FERNANDO REIS;CUSTEIO;R$ 172.277,00;C
JULIUS CESARES;CUSTEIO;R$ 54.477,00;E
MARIA JOAO;CUSTEIO;R$ 637.730,00;A
